{"modle-1-score": 0.82, "modle-2-score": 0.8, "modle-3-score": 0.8266666666666667, "modle-4-score": 0.8133333333333334}